City_ID,City,Country,Date,Lat,Lng,Max Temp,Humidity,Cloudiness,Wind Speed
0,New Norfolk,AU,2022-01-16 23:23:15,-42.7826,147.0587,73.71,43,11,5.99
1,Aquidaba,BR,2022-01-16 23:23:15,-10.2814,-37.0186,73.35,77,8,7.49
2,Bengkulu,ID,2022-01-16 23:23:16,-3.8004,102.2655,74.73,89,66,4.27
3,Shimoda,JP,2022-01-16 23:23:16,34.6667,138.95,50.36,65,74,24.83
4,Maple Creek,CA,2022-01-16 23:23:16,49.9168,-109.4848,41.05,56,55,8.05
5,Provideniya,RU,2022-01-16 23:23:16,64.3833,-173.3,3.31,60,0,11.18
6,Castro,BR,2022-01-16 23:23:17,-24.7911,-50.0119,64.06,98,84,4.54
7,Jamestown,US,2022-01-16 23:21:33,42.097,-79.2353,26.71,50,100,10.0
8,Mangochi,MW,2022-01-16 23:23:17,-14.4782,35.2645,70.29,87,95,2.75
9,Hithadhoo,MV,2022-01-16 23:23:17,-0.6,73.0833,80.26,74,99,1.86
10,Kinkala,CG,2022-01-16 23:23:18,-4.3614,14.7644,70.11,97,91,3.36
11,Kodiak,US,2022-01-16 23:23:18,57.79,-152.4072,31.51,55,0,5.75
12,Rikitea,PF,2022-01-16 23:23:11,-23.1203,-134.9692,77.34,70,34,7.45
13,Lagoa,PT,2022-01-16 23:23:18,39.05,-27.9833,55.99,55,68,14.7
14,Iqaluit,CA,2022-01-16 23:23:19,63.7506,-68.5145,-25.31,67,75,2.3
15,Huarmey,PE,2022-01-16 23:23:19,-10.0681,-78.1522,74.12,76,54,9.71
16,Seddon,AU,2022-01-16 23:23:19,-37.8068,144.8916,69.26,75,100,10.36
17,Broome,US,2022-01-16 23:23:20,42.2506,-75.833,25.7,65,100,1.99
18,Georgetown,MY,2022-01-16 23:23:20,5.4112,100.3354,79.9,84,20,0.0
19,San Cristobal,VE,2022-01-16 23:19:16,7.7669,-72.225,73.58,64,38,1.77
20,Alugan,PH,2022-01-16 23:23:16,12.2188,125.4808,77.65,79,98,18.28
21,Bluff,NZ,2022-01-16 23:21:31,-46.6,168.3333,65.26,58,96,5.55
22,Klaksvik,FO,2022-01-16 23:21:23,62.2266,-6.589,36.52,89,100,11.68
23,Yellowknife,CA,2022-01-16 23:21:25,62.456,-114.3525,-11.58,83,100,9.22
24,Puerto Ayora,EC,2022-01-16 23:23:21,-0.7393,-90.3518,74.44,80,99,10.0
25,Butaritari,KI,2022-01-16 23:23:21,3.0707,172.7902,82.2,78,34,16.4
26,San Patricio,US,2022-01-16 23:23:21,28.017,-97.5169,69.78,16,0,5.84
27,Leningradskiy,RU,2022-01-16 23:23:22,69.3833,178.4167,-26.23,96,24,4.63
28,Codrington,AU,2022-01-16 23:23:22,-38.2667,141.9667,65.23,73,100,12.44
29,Khatanga,RU,2022-01-16 23:23:22,71.9667,102.5,-16.69,92,25,5.84
30,Clyde River,CA,2022-01-16 23:23:23,70.4692,-68.5914,-7.37,77,100,21.85
31,Manuk Mangkaw,PH,2022-01-16 23:23:23,4.8,119.85,79.75,78,100,10.47
32,Newcastle,AU,2022-01-16 23:19:13,-32.9272,151.7765,82.78,82,75,3.0
33,Mahebourg,MU,2022-01-16 23:23:23,-20.4081,57.7,78.26,88,40,3.44
34,Kaset Sombun,TH,2022-01-16 23:23:23,16.2805,101.9542,73.42,64,99,1.1
35,Victoria,HK,2022-01-16 23:18:27,22.2855,114.1577,64.45,84,76,1.99
36,Avarua,CK,2022-01-16 23:21:31,-21.2078,-159.775,84.25,79,40,21.85
37,Cherskiy,RU,2022-01-16 23:23:24,68.75,161.3,-36.47,100,12,4.63
38,Severo-Kurilsk,RU,2022-01-16 23:23:24,50.6789,156.125,25.74,65,18,10.42
39,Saint-Philippe,RE,2022-01-16 23:21:28,-21.3585,55.7679,78.39,86,98,6.6
40,Mataura,NZ,2022-01-16 23:21:24,-46.1927,168.8643,65.5,54,100,3.0
41,Vaini,TO,2022-01-16 23:23:25,-21.2,-175.2,80.13,82,26,14.47
42,Lavrentiya,RU,2022-01-16 23:23:25,65.5833,-171.0,-14.87,94,80,8.93
43,Miranda,CO,2022-01-16 23:23:25,3.2499,-76.2281,77.13,86,80,1.83
44,Vila Do Maio,CV,2022-01-16 23:23:26,15.1333,-23.2167,70.59,66,0,7.18
45,Longyearbyen,SJ,2022-01-16 23:21:26,78.2186,15.6401,6.64,78,40,5.75
46,Port Lincoln,AU,2022-01-16 23:23:26,-34.7333,135.8667,66.56,70,100,13.09
47,Mesyagutovo,RU,2022-01-16 23:24:26,55.5303,58.2528,10.42,89,100,14.43
48,Atuona,PF,2022-01-16 23:21:31,-9.8,-139.0333,78.42,78,88,20.62
49,Tecoanapa,MX,2022-01-16 23:21:17,16.5167,-98.75,80.92,66,5,6.6
50,Saskylakh,RU,2022-01-16 23:21:26,71.9167,114.0833,-24.34,94,9,13.38
51,Punta Arenas,CL,2022-01-16 23:22:26,-53.15,-70.9167,48.31,46,0,19.57
52,Nikolskoye,RU,2022-01-16 23:24:27,59.7035,30.7861,34.88,98,100,13.18
53,Tuktoyaktuk,CA,2022-01-16 23:24:27,69.4541,-133.0374,-34.6,67,0,6.91
54,East London,ZA,2022-01-16 23:24:27,-33.0153,27.9116,75.24,88,49,2.59
55,Nouadhibou,MR,2022-01-16 23:24:28,20.931,-17.0347,67.98,60,99,12.66
56,Ixtapa,MX,2022-01-16 23:24:28,20.7,-105.2,76.23,78,100,10.36
57,Banda Aceh,ID,2022-01-16 23:24:28,5.5577,95.3222,76.91,86,57,8.84
58,Ushuaia,AR,2022-01-16 23:22:29,-54.8,-68.3,38.86,75,75,13.8
59,Gornopravdinsk,RU,2022-01-16 23:24:29,60.05,69.9,22.23,96,100,7.49
60,Sao Filipe,CV,2022-01-16 23:24:29,14.8961,-24.4956,71.51,71,0,3.62
61,Dikson,RU,2022-01-16 23:24:29,73.5069,80.5464,9.68,91,100,24.74
62,Klyuchi,RU,2022-01-16 23:24:29,52.2667,79.1667,32.22,86,75,13.24
63,Laguna,US,2022-01-16 23:24:30,38.421,-121.4238,66.43,68,0,1.01
64,Arraial Do Cabo,BR,2022-01-16 23:24:30,-22.9661,-42.0278,76.96,78,0,14.97
65,Tazovskiy,RU,2022-01-16 23:24:30,67.4667,78.7,7.72,94,99,12.35
66,Saldanha,ZA,2022-01-16 23:24:31,-33.0117,17.9442,64.45,91,45,7.27
67,Merauke,ID,2022-01-16 23:24:31,-8.4667,140.3333,81.23,79,79,7.85
68,Ahipara,NZ,2022-01-16 23:24:31,-35.1667,173.1667,73.11,60,1,11.77
69,Kahului,US,2022-01-16 23:24:32,20.8947,-156.47,83.46,72,20,12.66
70,Port Elizabeth,ZA,2022-01-16 23:24:32,-33.918,25.5701,72.1,83,75,13.8
71,Patacamaya,BO,2022-01-16 23:24:32,-17.2333,-67.9167,52.34,62,89,12.01
72,Kapaa,US,2022-01-16 23:21:32,22.0752,-159.319,79.12,73,20,1.99
73,Berlevag,NO,2022-01-16 23:24:33,70.8578,29.0864,26.55,59,75,20.71
74,Tamworth,GB,2022-01-16 23:24:33,52.634,-1.6959,40.44,89,28,4.0
75,Taksimo,RU,2022-01-16 23:24:33,56.3444,114.8794,-27.2,95,93,0.76
76,Talnakh,RU,2022-01-16 23:24:34,69.4865,88.3972,11.21,87,100,17.43
77,Isangel,VU,2022-01-16 23:24:34,-19.55,169.2667,86.11,70,20,2.3
78,Jaciara,BR,2022-01-16 23:24:34,-15.9653,-54.9683,75.22,72,66,2.13
79,Barberton,ZA,2022-01-16 23:24:34,-25.7884,31.0532,66.25,94,100,2.3
80,Katsuura,JP,2022-01-16 23:24:35,35.1333,140.3,44.19,59,88,5.77
81,Ust-Maya,RU,2022-01-16 23:24:35,60.4167,134.5333,-33.16,100,95,1.01
82,Teya,RU,2022-01-16 23:24:35,60.3778,92.6267,-8.0,100,99,2.66
83,Tura,IN,2022-01-16 23:24:06,25.5198,90.2201,54.34,65,0,3.83
84,Tessalit,ML,2022-01-16 23:24:36,20.1986,1.0114,58.82,21,38,11.56
85,Hermanus,ZA,2022-01-16 23:24:36,-34.4187,19.2345,66.9,90,22,4.05
86,Vranov,CZ,2022-01-16 23:24:36,48.8947,15.8127,38.08,74,78,19.98
87,Comodoro Rivadavia,AR,2022-01-16 23:24:37,-45.8667,-67.5,62.46,20,20,23.02
88,Qaanaaq,GL,2022-01-16 23:24:37,77.484,-69.3632,-6.43,59,0,7.0
89,Hami,CN,2022-01-16 23:24:37,42.8,93.45,24.55,49,0,0.81
90,Waingapu,ID,2022-01-16 23:25:37,-9.6567,120.2641,80.74,83,100,10.33
91,Luderitz,NA,2022-01-16 23:25:38,-26.6481,15.1594,68.31,83,0,11.21
92,Zhanaozen,KZ,2022-01-16 23:25:38,43.3,52.8,29.61,76,100,2.66
93,Cape Town,ZA,2022-01-16 23:18:57,-33.9258,18.4232,67.12,71,0,1.01
94,Bend,US,2022-01-16 23:25:38,44.0582,-121.3153,52.09,54,0,3.0
95,Richards Bay,ZA,2022-01-16 23:25:39,-28.783,32.0377,73.51,88,100,6.15
96,Hilo,US,2022-01-16 23:21:25,19.7297,-155.09,82.13,75,0,11.5
97,Ostrovnoy,RU,2022-01-16 23:25:39,68.0531,39.5131,26.51,87,100,22.46
98,Albert,FR,2022-01-16 23:25:39,50.0009,2.651,41.79,99,100,3.44
99,Santa Cruz,BO,2022-01-16 23:23:26,-17.8,-63.1667,84.25,65,20,16.11
100,Bowen,AU,2022-01-16 23:25:40,-20.0167,148.2333,86.22,65,80,7.58
101,Spornoye,RU,2022-01-16 23:25:40,50.8448,37.2913,26.62,99,60,7.23
102,Airai,TL,2022-01-16 23:25:40,-8.9266,125.4092,65.14,82,100,1.86
103,Barrow,US,2022-01-16 23:21:28,71.2906,-156.7887,-16.58,69,100,0.0
104,Busselton,AU,2022-01-16 23:21:24,-33.65,115.3333,60.08,69,1,13.06
105,Itarema,BR,2022-01-16 23:25:41,-2.9248,-39.9167,80.17,77,23,10.87
106,Mount Gambier,AU,2022-01-16 23:25:36,-37.8333,140.7667,67.91,52,75,11.5
107,Dicabisagan,PH,2022-01-16 23:25:41,17.0818,122.4157,71.94,78,88,4.34
108,Zemio,CF,2022-01-16 23:25:41,5.0314,25.1361,72.68,74,81,4.47
109,Martapura,ID,2022-01-16 23:25:42,-3.4167,114.85,74.39,93,100,0.98
110,Krasnoselkup,RU,2022-01-16 23:25:42,65.7,82.4667,9.81,91,100,16.91
111,Manicore,BR,2022-01-16 23:25:42,-5.8092,-61.3003,77.0,89,81,1.34
112,Talgar,KZ,2022-01-16 23:25:42,43.3027,77.2395,33.96,81,75,2.24
113,Samarai,PG,2022-01-16 23:25:43,-10.6167,150.6667,82.83,73,76,8.01
114,Nuuk,GL,2022-01-16 23:25:43,64.1835,-51.7216,16.41,86,100,10.36
115,Necochea,AR,2022-01-16 23:21:25,-38.5473,-58.7368,65.03,74,93,20.94
116,Makakilo City,US,2022-01-16 23:25:43,21.3469,-158.0858,79.29,60,0,6.91
117,Hamilton,US,2022-01-16 23:21:35,39.1834,-84.5333,32.58,85,100,3.0
118,Cayenne,GF,2022-01-16 23:24:46,4.9333,-52.3333,80.1,84,20,7.0
119,Garwa,IN,2022-01-16 23:25:44,24.1833,83.8167,50.02,70,0,1.25
120,Port Blair,IN,2022-01-16 23:25:44,11.6667,92.75,78.04,71,68,10.16
121,Bubaque,GW,2022-01-16 23:25:44,11.2833,-15.8333,78.42,81,89,9.98
122,Cascais,PT,2022-01-16 23:25:08,38.6979,-9.4215,54.05,72,69,1.99
123,Hobart,AU,2022-01-16 23:22:06,-42.8794,147.3294,74.05,57,40,3.0
124,Mecca,SA,2022-01-16 23:21:22,21.4267,39.8261,62.22,57,1,6.96
125,Alakurtti,RU,2022-01-16 23:25:45,66.9672,30.3491,24.64,89,100,11.61
126,Albany,US,2022-01-16 23:19:11,42.6001,-73.9662,23.58,55,83,8.32
127,Tasiilaq,GL,2022-01-16 23:25:45,65.6145,-37.6368,19.56,94,100,10.83
128,Geraldton,AU,2022-01-16 23:25:46,-28.7667,114.6,73.13,77,19,10.36
129,Te Anau,NZ,2022-01-16 23:25:46,-45.4167,167.7167,63.28,69,85,2.89
130,Pemangkat,ID,2022-01-16 23:25:46,1.1667,108.9667,76.71,89,94,6.44
131,Bani Walid,LY,2022-01-16 23:25:47,31.7566,13.9942,52.66,74,100,11.79
132,Varhaug,NO,2022-01-16 23:25:47,58.6147,5.6457,38.75,97,100,24.83
133,Shieli,KZ,2022-01-16 23:25:47,44.1667,66.75,31.68,92,85,11.72
134,Noumea,NC,2022-01-16 23:25:48,-22.2763,166.4572,85.98,99,3,11.83
135,Bambous Virieux,MU,2022-01-16 23:26:48,-20.3428,57.7575,78.22,88,40,3.44
136,Hirara,JP,2022-01-16 23:26:48,24.8,125.2833,66.06,100,75,3.44
137,Cabo San Lucas,MX,2022-01-16 23:26:48,22.8909,-109.9124,80.62,72,20,4.0
138,Xicotencatl,MX,2022-01-16 23:26:49,23.0167,-98.8833,69.71,17,21,7.58
139,Port Alfred,ZA,2022-01-16 23:26:49,-33.5906,26.891,71.44,92,99,13.0
140,Gotsu,JP,2022-01-16 23:26:49,35.0,132.2167,41.14,59,92,19.15
141,Khandyga,RU,2022-01-16 23:26:50,62.6667,135.6,-44.52,100,62,1.12
142,Sola,VU,2022-01-16 23:26:50,-13.8833,167.55,82.47,74,50,5.48
143,Mar Del Plata,AR,2022-01-16 23:24:48,-38.0023,-57.5575,73.42,81,100,10.0
144,Boyolangu,ID,2022-01-16 23:26:50,-8.1181,111.8935,75.34,91,97,4.68
145,Ribeira Grande,PT,2022-01-16 23:26:51,38.5167,-28.7,56.5,66,26,18.68
146,Bethel,US,2022-01-16 23:26:51,41.3712,-73.414,32.65,77,75,3.0
147,Chapais,CA,2022-01-16 23:21:27,49.7834,-74.8492,4.78,77,100,10.94
148,Lebu,CL,2022-01-16 23:26:51,-37.6167,-73.65,57.31,60,73,13.73
149,Shadegan,IR,2022-01-16 23:26:52,30.6497,48.6647,55.31,47,3,4.97
150,Cockburn Town,TC,2022-01-16 23:26:52,21.4612,-71.1419,78.01,76,6,16.51
151,Kifri,IQ,2022-01-16 23:26:52,34.6959,44.9661,44.49,85,100,6.8
152,Ancud,CL,2022-01-16 23:26:52,-41.8697,-73.8203,51.22,56,26,10.69
153,Dhanbad,IN,2022-01-16 23:26:53,23.8,86.45,54.39,63,0,6.04
154,Vadlapudi,IN,2022-01-16 23:26:53,14.3167,79.8,71.98,84,86,4.9
155,Daru,PG,2022-01-16 23:26:53,-9.0763,143.2092,80.44,85,90,4.81
156,Shahreza,IR,2022-01-16 23:26:54,32.0339,51.8794,32.04,53,0,4.9
157,Bredasdorp,ZA,2022-01-16 23:26:54,-34.5322,20.0403,60.12,82,36,5.75
158,Andros Town,BS,2022-01-16 23:26:54,24.7,-77.7667,76.96,71,27,19.73
159,Caravelas,BR,2022-01-16 23:26:54,-17.7125,-39.2481,77.02,84,1,7.4
160,Les Cayes,HT,2022-01-16 23:26:55,18.2,-73.75,75.34,82,20,5.21
161,Tuatapere,NZ,2022-01-16 23:26:55,-46.1333,167.6833,71.1,51,90,6.11
162,Sao Bernardo,BR,2022-01-16 23:26:55,-3.3614,-42.4178,74.88,94,96,4.03
163,Sakata,JP,2022-01-16 23:26:56,38.9167,139.855,37.58,60,75,23.02
164,Carnarvon,AU,2022-01-16 23:26:56,-24.8667,113.6333,75.27,78,100,17.27
165,Dingle,PH,2022-01-16 23:26:56,10.9995,122.6711,72.5,92,99,9.69
166,Chuy,UY,2022-01-16 23:26:57,-33.6971,-53.4616,74.68,90,83,8.08
167,Labuhan,ID,2022-01-16 23:26:57,-6.8844,112.2051,78.51,84,100,8.57
168,San Rafael,AR,2022-01-16 23:23:28,-34.6177,-68.3301,84.45,17,0,14.36
169,Faanui,PF,2022-01-16 23:21:34,-16.4833,-151.75,80.22,81,100,15.35
170,Nanortalik,GL,2022-01-16 23:26:57,60.1432,-45.2371,25.93,77,95,15.19
171,Atasu,KZ,2022-01-16 23:26:58,48.6814,71.6433,22.24,95,99,9.57
172,Axim,GH,2022-01-16 23:26:58,4.8699,-2.2405,79.45,82,50,6.26
173,Sartell,US,2022-01-16 23:26:58,45.6216,-94.2069,34.14,79,100,5.99
174,Trincomalee,LK,2022-01-16 23:26:59,8.5711,81.2335,79.07,78,35,13.69
175,Himensulan,PH,2022-01-16 23:26:59,10.5967,124.2821,78.66,79,98,14.58
176,Belyy Yar,RU,2022-01-16 23:26:59,53.6039,91.3903,10.29,86,40,4.47
177,Mehamn,NO,2022-01-16 23:26:59,71.0357,27.8492,26.51,68,100,20.56
178,Elk Grove,US,2022-01-16 23:26:32,38.4088,-121.3716,66.58,68,0,1.01
179,Ghanzi,BW,2022-01-16 23:28:00,-21.5667,21.7833,74.89,53,94,4.83
180,Deputatskiy,RU,2022-01-16 23:28:00,69.3,139.9,-35.0,98,20,4.45
181,Jurm,AF,2022-01-16 23:28:00,36.8648,70.8342,34.63,63,100,8.43
182,Erdenet,MN,2022-01-16 23:28:01,49.0333,104.0833,-2.79,87,12,5.06
183,Zhigansk,RU,2022-01-16 23:28:01,66.7697,123.3711,-49.68,100,66,4.99
184,Yaring,TH,2022-01-16 23:28:01,6.8662,101.3689,75.9,84,39,7.43
185,Boditi,ET,2022-01-16 23:28:02,6.9667,37.8667,63.18,54,45,5.32
186,Tiksi,RU,2022-01-16 23:21:32,71.6872,128.8694,-24.57,98,39,6.42
187,Plettenberg Bay,ZA,2022-01-16 23:28:02,-34.0527,23.3716,68.11,83,24,2.39
188,Baruun-Urt,MN,2022-01-16 23:28:02,46.6806,113.2792,-7.74,88,6,2.37
189,Kikwit,CD,2022-01-16 23:28:03,-5.041,18.8162,69.12,97,100,1.19
190,Lar,IN,2022-01-16 23:28:03,26.2039,83.9717,46.6,77,1,5.66
191,Alice Springs,AU,2022-01-16 23:24:26,-23.7,133.8833,74.75,78,100,12.66
192,Vardo,NO,2022-01-16 23:28:04,70.3705,31.1107,23.2,62,100,28.88
193,Novobiryusinskiy,RU,2022-01-16 23:28:04,56.9578,97.7076,-2.79,100,97,1.86
194,Katobu,ID,2022-01-16 23:28:04,-4.9408,122.5276,77.0,91,100,2.57
195,Sao Jose Da Coroa Grande,BR,2022-01-16 23:28:05,-8.8978,-35.1478,79.16,76,65,8.48
196,Santa Cruz De La Palma,ES,2022-01-16 23:28:05,28.6835,-17.7642,71.13,43,100,21.85
197,Ilulissat,GL,2022-01-16 23:28:05,69.2167,-51.1,3.22,55,40,6.91
198,Pisco,PE,2022-01-16 23:28:06,-13.7,-76.2167,75.25,78,0,21.85
199,Sao Joao Da Barra,BR,2022-01-16 23:28:06,-21.6403,-41.0511,75.94,84,75,12.48
200,Matamoros,MX,2022-01-16 23:28:06,25.5333,-103.25,64.51,18,40,3.44
201,Santa Maria,BR,2022-01-16 23:26:46,-29.6842,-53.8069,96.1,34,40,3.44
202,Sur,OM,2022-01-16 23:23:09,22.5667,59.5289,69.58,77,0,11.97
203,Fortuna,US,2022-01-16 23:28:07,40.5982,-124.1573,54.86,100,0,4.61
204,Ukiah,US,2022-01-16 23:28:07,39.1502,-123.2078,64.36,54,0,0.0
205,Virden,US,2022-01-16 23:28:07,39.5009,-89.7679,26.42,79,82,6.89
206,Lazurne,UA,2022-01-16 23:28:07,46.084,32.5295,31.01,64,66,13.35
207,Chokurdakh,RU,2022-01-16 23:28:08,70.6333,147.9167,-41.01,99,85,6.53
208,Port Macquarie,AU,2022-01-16 23:28:08,-31.4333,152.9167,81.9,74,31,6.46
209,Unity,CA,2022-01-16 23:28:08,52.4501,-109.1682,18.25,94,81,4.61
210,Roald,NO,2022-01-16 23:28:09,62.5833,6.1333,35.33,69,75,33.38
211,Yabrud,SY,2022-01-16 23:28:09,33.9674,36.6574,20.86,54,9,10.07
212,Chernyshevskiy,RU,2022-01-16 23:28:09,63.0128,112.4714,-34.85,100,94,2.53
213,Vila Franca Do Campo,PT,2022-01-16 23:28:10,37.7167,-25.4333,57.61,74,27,12.17
214,Coquimbo,CL,2022-01-16 23:28:10,-29.9533,-71.3436,67.73,68,0,12.66
215,Coahuayana,MX,2022-01-16 23:28:10,18.7333,-103.6833,85.48,65,48,6.82
216,Ust-Ishim,RU,2022-01-16 23:28:10,57.6935,71.1665,24.8,82,100,18.63
217,Tome,CL,2022-01-16 23:28:11,-36.6167,-72.95,61.41,65,41,15.3
218,Lupeni,RO,2022-01-16 23:28:11,45.3603,23.2383,29.62,63,93,4.34
219,Marquette,US,2022-01-16 23:28:11,46.5333,-87.6335,16.77,84,100,3.24
220,Honningsvag,NO,2022-01-16 23:29:12,70.9821,25.9704,25.99,65,100,25.05
221,Hasaki,JP,2022-01-16 23:21:29,35.7333,140.8333,34.2,57,98,7.92
222,Krasnyy Yar,RU,2022-01-16 23:29:12,46.5331,48.3456,28.33,91,60,10.87
223,Gorontalo,ID,2022-01-16 23:29:12,0.5412,123.0595,75.09,91,99,3.94
224,Ko Samui,TH,2022-01-16 23:29:13,9.5357,99.9357,80.02,72,72,9.69
225,Fairbanks,US,2022-01-16 23:25:34,64.8378,-147.7164,5.59,84,100,0.0
226,Gaimersheim,DE,2022-01-16 23:29:13,48.807,11.368,36.39,81,99,10.94
227,Imbituba,BR,2022-01-16 23:29:13,-28.24,-48.6703,80.82,91,55,8.97
228,Praia Da Vitoria,PT,2022-01-16 23:29:13,38.7333,-27.0667,55.65,71,75,12.26
229,Kingaroy,AU,2022-01-16 23:29:14,-26.5333,151.8333,77.04,78,100,10.36
230,Oksfjord,NO,2022-01-16 23:29:14,70.2396,22.3479,25.72,89,100,15.99
231,Wewak,PG,2022-01-16 23:29:14,-3.5534,143.6268,78.24,89,99,8.08
232,Tulun,RU,2022-01-16 23:29:15,54.5611,100.5792,8.13,89,100,2.37
233,Upington,ZA,2022-01-16 23:29:15,-28.4478,21.2561,77.38,69,0,6.91
234,Guerrero Negro,MX,2022-01-16 23:29:15,27.9769,-114.0611,69.69,38,78,13.8
235,Ekhabi,RU,2022-01-16 23:29:16,53.5102,142.9671,9.14,95,100,11.72
236,Geneva,US,2022-01-16 23:29:16,41.8875,-88.3054,27.14,72,100,4.0
237,Sitka,US,2022-01-16 23:29:16,57.0531,-135.33,39.09,87,100,0.0
238,Ivdel,RU,2022-01-16 23:29:16,60.6911,60.4206,-13.52,99,65,3.71
239,Dobele,LV,2022-01-16 23:29:17,56.625,23.2786,35.15,96,100,15.05
240,Nome,US,2022-01-16 23:29:17,64.5011,-165.4064,8.67,72,100,0.0
241,Avera,US,2022-01-16 23:29:17,33.194,-82.5271,42.67,96,97,13.62
242,Upernavik,GL,2022-01-16 23:29:18,72.7868,-56.1549,-17.66,94,3,5.61
243,Marsh Harbour,BS,2022-01-16 23:29:18,26.5412,-77.0636,74.17,73,85,26.93
244,Hof,DE,2022-01-16 23:29:18,50.3167,11.9167,33.75,72,100,12.66
245,Omsukchan,RU,2022-01-16 23:29:18,62.5333,155.8,-25.08,86,21,3.24
246,Vila,PT,2022-01-16 23:29:19,42.0304,-8.1588,44.33,89,63,2.98
247,Lure,FR,2022-01-16 23:29:19,47.75,6.5,31.48,100,100,2.3
248,Uyovu,TZ,2022-01-16 23:29:19,-3.2833,31.5258,60.66,97,100,2.93
249,Bella Vista,US,2022-01-16 23:29:20,36.4295,-94.2316,31.1,85,100,1.01
250,Bada,RU,2022-01-16 23:29:20,51.392,109.8717,-6.2,97,100,1.19
251,Amnat Charoen,TH,2022-01-16 23:29:20,15.9167,104.75,69.31,91,40,9.28
252,Buchanan,LR,2022-01-16 23:29:20,5.8808,-10.0467,79.61,84,89,4.05
253,Kieta,PG,2022-01-16 23:29:21,-6.2167,155.6333,84.69,69,100,1.01
254,Coron,PH,2022-01-16 23:29:21,11.9986,120.2043,74.62,76,100,3.87
255,Sistranda,NO,2022-01-16 23:29:21,63.7256,8.834,33.76,75,100,51.67
256,Poso,ID,2022-01-16 23:29:22,-1.3959,120.7524,76.14,83,100,3.58
257,San Policarpo,PH,2022-01-16 23:29:22,12.1791,125.5072,78.15,78,95,19.42
258,Torbay,CA,2022-01-16 23:29:22,47.6666,-52.7314,22.75,71,75,19.57
259,Cururupu,BR,2022-01-16 23:26:01,-1.8283,-44.8683,74.97,90,31,3.24
260,Dunedin,NZ,2022-01-16 23:29:23,-45.8742,170.5036,70.81,70,100,7.0
261,Sitrah,BH,2022-01-16 23:29:23,26.1547,50.6206,66.2,75,0,5.75
262,Oussouye,SN,2022-01-16 23:29:23,12.485,-16.5469,77.18,77,100,5.57
263,Gat,IL,2022-01-16 23:29:01,31.61,34.7642,46.4,100,79,6.17
264,Bud,US,2022-01-16 23:29:23,39.447,-86.1758,33.82,69,0,7.16
265,Sabang,ID,2022-01-16 23:29:24,5.8933,95.3214,81.45,75,81,15.1
266,Marabba,SD,2022-01-16 23:30:24,12.35,32.1833,71.28,20,15,14.72
267,Salacgriva,LV,2022-01-16 23:30:24,57.7536,24.3581,33.91,96,100,14.74
268,Lucapa,AO,2022-01-16 23:30:25,-8.4192,20.7447,63.68,96,100,2.57
269,Salalah,OM,2022-01-16 23:27:19,17.0151,54.0924,71.69,73,20,1.14
270,Thompson,CA,2022-01-16 23:26:33,55.7435,-97.8558,-5.64,71,100,9.22
271,Harda,IN,2022-01-16 23:30:25,22.3333,77.1,54.14,73,0,6.91
272,Norman Wells,CA,2022-01-16 23:30:26,65.282,-126.8329,-29.16,68,20,2.3
273,Blagoyevo,RU,2022-01-16 23:30:26,63.3667,47.9167,10.89,93,91,9.13
274,Hervey Bay,AU,2022-01-16 23:30:26,-25.2986,152.8535,84.31,67,47,4.41
275,Constantine,DZ,2022-01-16 23:30:27,36.365,6.6147,35.01,86,0,0.0
276,Arfara,GR,2022-01-16 23:30:27,37.15,22.0333,50.95,87,78,1.14
277,Moyale,KE,2022-01-16 23:30:27,3.5167,39.0584,73.78,50,78,3.49
278,Behshahr,IR,2022-01-16 23:30:28,36.6923,53.5526,45.72,85,97,13.15
279,Tulle,FR,2022-01-16 23:30:28,45.3333,1.8333,32.54,79,62,3.71
280,Camopi,GF,2022-01-16 23:30:28,3.1655,-52.3158,72.52,99,100,1.88
281,Bathsheba,BB,2022-01-16 23:30:28,13.2167,-59.5167,77.61,69,20,17.27
282,Ballina,AU,2022-01-16 23:30:29,-28.8667,153.5667,82.44,76,100,3.44
283,Vostok,RU,2022-01-16 23:30:29,46.4856,135.8833,-1.59,96,100,2.66
284,Brae,GB,2022-01-16 23:30:29,60.3964,-1.353,44.51,96,100,17.38
285,Adrar,MR,2022-01-16 23:30:30,20.5022,-10.0711,62.89,16,100,9.06
286,Oranjemund,NA,2022-01-16 23:30:30,-28.55,16.4333,67.17,87,2,7.65
287,Mala Vyska,UA,2022-01-16 23:30:30,48.6431,31.6366,27.34,78,20,9.95
288,Bani,DO,2022-01-16 23:30:31,18.2833,-70.3333,80.04,81,6,6.6
289,Rawson,AR,2022-01-16 23:30:31,-43.3002,-65.1023,60.96,38,31,15.12
290,Meulaboh,ID,2022-01-16 23:30:31,4.1363,96.1285,74.75,90,31,4.45
291,San Quintin,MX,2022-01-16 23:30:32,30.4833,-115.95,64.06,67,89,8.32
292,Zhezkazgan,KZ,2022-01-16 23:30:32,47.8043,67.7144,11.79,95,100,7.34
293,Cabatuan,PH,2022-01-16 23:30:32,10.8794,122.486,74.61,87,99,15.14
294,Vaitape,PF,2022-01-16 23:30:32,-16.5167,-151.75,79.74,82,100,15.05
295,Kungurtug,RU,2022-01-16 23:30:33,50.5994,97.5228,1.08,93,88,0.85
296,Yenagoa,NG,2022-01-16 23:30:33,4.9247,6.2642,77.45,88,100,3.4
297,Bouar,CF,2022-01-16 23:30:33,5.934,15.596,66.06,29,78,4.14
298,Ponta Do Sol,PT,2022-01-16 23:30:34,32.6667,-17.1,65.03,71,89,18.52
299,Ambon,ID,2022-01-16 23:30:34,-3.6954,128.1814,81.7,78,100,9.64
300,Saint-Georges,GD,2022-01-16 23:29:00,12.0564,-61.7485,78.48,78,20,12.66
301,Poykovskiy,RU,2022-01-16 23:30:34,61.2333,73.3333,21.49,85,75,13.42
302,Zabaykalsk,RU,2022-01-16 23:30:35,49.6333,117.3167,-19.55,98,8,3.98
303,Tha Mai,TH,2022-01-16 23:30:35,12.6214,102.0048,81.14,92,24,3.6
304,Husavik,IS,2022-01-16 23:30:35,66.0449,-17.3389,21.11,93,100,10.36
305,Gewane,ET,2022-01-16 23:30:36,10.1664,40.6453,80.42,49,57,3.8
306,Muisne,EC,2022-01-16 23:30:36,0.6,-80.0333,76.26,85,84,7.94
307,North Platte,US,2022-01-16 23:27:58,41.1239,-100.7654,44.49,52,0,1.01
308,Grindavik,IS,2022-01-16 23:30:36,63.8424,-22.4338,43.27,100,100,26.46
309,Birao,CF,2022-01-16 23:30:37,10.2849,22.7882,70.07,25,77,3.49
310,Vanimo,PG,2022-01-16 23:30:37,-2.6741,141.3028,80.78,85,93,3.0
311,Strezhevoy,RU,2022-01-16 23:30:37,60.7333,77.5889,21.18,91,100,17.52
312,Yar-Sale,RU,2022-01-16 23:30:37,66.8333,70.8333,-2.61,98,69,5.88
313,Turukhansk,RU,2022-01-16 23:31:38,65.8167,87.9833,7.3,83,96,16.69
314,Pangai,TO,2022-01-16 23:31:38,-19.8,-174.35,82.18,78,40,9.69
315,Pevek,RU,2022-01-16 23:31:38,69.7008,170.3133,-25.67,96,37,1.48
316,Mount Isa,AU,2022-01-16 23:31:39,-20.7333,139.5,92.97,33,100,13.8
317,Hornepayne,CA,2022-01-16 23:31:39,49.2138,-84.7705,18.16,97,100,2.42
318,Hala,PK,2022-01-16 23:31:39,25.8131,68.4227,51.78,38,55,6.26
319,Namibe,AO,2022-01-16 23:31:40,-15.1961,12.1522,67.66,79,57,4.34
320,Aizkraukle,LV,2022-01-16 23:31:40,56.6048,25.2553,32.9,97,100,13.76
321,Pudozh,RU,2022-01-16 23:31:40,61.8099,36.5345,30.67,95,100,14.27
322,Kerema,PG,2022-01-16 23:31:40,-7.9631,145.7785,82.44,77,95,5.3
323,Luan,CH,2022-01-16 23:31:41,46.3592,6.9759,23.61,93,25,5.59
324,Poyarkovo,RU,2022-01-16 23:31:41,49.6,128.6833,-3.35,97,100,8.14
325,Mandal,IN,2022-01-16 23:31:41,25.45,74.5667,48.88,66,0,2.84
326,Buala,SB,2022-01-16 23:31:42,-8.145,159.5921,85.98,67,90,3.96
327,San Carlos,VE,2022-01-16 23:31:42,9.6612,-68.5827,82.36,56,89,3.49
328,Feijo,BR,2022-01-16 23:31:42,-8.1642,-70.3536,76.8,74,24,0.89
329,Matara,LK,2022-01-16 23:31:42,5.9485,80.5353,73.27,90,46,9.17
330,Lerwick,GB,2022-01-16 23:31:43,60.1545,-1.1494,44.6,95,100,15.73
331,Angoche,MZ,2022-01-16 23:31:43,-16.2325,39.9086,75.54,92,100,5.66
332,Caconda,AO,2022-01-16 23:31:44,-13.7333,15.0667,57.13,80,61,2.39
333,Nizhniy Baskunchak,RU,2022-01-16 23:31:44,48.2198,46.8311,16.63,95,47,9.15
334,Ayan,RU,2022-01-16 23:31:44,56.45,138.1667,-6.83,77,51,10.56
335,Kaitangata,NZ,2022-01-16 23:31:44,-46.2817,169.8464,65.64,65,98,1.9
336,Bilibino,RU,2022-01-16 23:31:45,68.0546,166.4372,-18.96,83,11,3.29
337,Havre-Saint-Pierre,CA,2022-01-16 23:31:45,50.2334,-63.5986,18.19,78,75,17.27
338,Narodychi,UA,2022-01-16 23:31:45,51.2029,29.0823,29.77,83,92,14.97
339,High Level,CA,2022-01-16 23:31:46,58.5169,-117.136,6.91,92,100,5.75
340,Ndago,TZ,2022-01-16 23:27:13,-4.6,34.35,61.97,96,100,2.84
341,Barsovo,RU,2022-01-16 23:31:46,61.1667,73.1667,21.33,94,100,13.67
342,Icod De Los Vinos,ES,2022-01-16 23:31:47,28.3724,-16.7119,68.97,50,92,11.68
343,North Bend,US,2022-01-16 23:31:47,43.4065,-124.2243,55.87,75,15,6.08
344,Picos,BR,2022-01-16 23:31:47,-7.0769,-41.4669,77.65,67,92,4.56
345,Petauke,ZM,2022-01-16 23:31:48,-14.2426,31.3253,64.15,97,100,2.89
346,Fort Nelson,CA,2022-01-16 23:31:48,58.8053,-122.7002,2.79,85,100,9.22
347,Esperance,AU,2022-01-16 23:31:48,-33.8667,121.9,67.84,59,40,15.19
348,Ducheng,CN,2022-01-16 23:31:49,23.2373,111.5317,56.57,75,100,3.31
349,Zhangye,CN,2022-01-16 23:31:49,38.9342,100.4517,23.52,34,18,1.97
350,Porto Novo,BJ,2022-01-16 23:31:49,6.4965,2.6036,80.42,83,87,5.59
351,Tabuk,PH,2022-01-16 23:31:50,17.4189,121.4443,68.34,80,44,3.2
352,Eureka,US,2022-01-16 23:27:12,40.8021,-124.1637,55.13,81,46,4.0
353,Liverpool,GB,2022-01-16 23:29:02,53.4106,-2.9779,45.72,82,75,3.0
354,Longonjo,AO,2022-01-16 23:31:50,-12.9067,15.2533,58.86,96,41,3.33
355,Talakan,RU,2022-01-16 23:31:50,50.3167,130.3667,-0.18,97,100,2.95
356,Taltal,CL,2022-01-16 23:30:19,-25.4,-70.4833,68.45,79,6,6.08
357,La Cruz,MX,2022-01-16 23:31:51,23.9167,-106.9,73.0,77,84,4.63
358,Orlik,RU,2022-01-16 23:32:51,52.5178,99.825,1.27,88,90,2.44
359,Strathpeffer,GB,2022-01-16 23:32:51,57.588,-4.5382,50.31,81,63,17.31
360,Katubao,PH,2022-01-16 23:32:52,5.8892,124.8294,81.0,77,100,4.29
361,Lakatoro,VU,2022-01-16 23:32:52,-16.0999,167.4164,84.29,72,31,6.62
362,Lastoursville,GA,2022-01-16 23:32:52,-0.8143,12.7287,71.8,97,90,2.3
363,Agadir,MA,2022-01-16 23:32:52,30.4202,-9.5982,52.25,44,5,7.43
364,Cairns,AU,2022-01-16 23:32:17,-16.9167,145.7667,89.11,75,56,2.3
365,Grimstad,NO,2022-01-16 23:32:53,58.3405,8.5934,44.51,62,92,25.12
366,Iskateley,RU,2022-01-16 23:32:53,67.6803,53.1512,-4.56,99,68,9.6
367,Westport,US,2022-01-16 23:31:03,41.1415,-73.3579,36.77,78,100,1.01
368,Todos Santos,MX,2022-01-16 23:32:54,23.45,-110.2167,80.11,79,92,4.83
369,Aksu,CN,2022-01-16 23:32:54,41.1231,80.2644,23.61,60,3,3.47
370,Nipawin,CA,2022-01-16 23:32:54,53.3668,-104.0009,33.84,80,100,12.66
371,Rocha,UY,2022-01-16 23:32:54,-34.4833,-54.3333,72.52,93,55,4.74
372,Alekseyevsk,RU,2022-01-16 23:32:55,57.8406,108.3492,-5.75,94,99,3.02
373,Komsomolskiy,UZ,2022-01-16 23:32:55,40.4272,71.7189,41.72,48,97,9.22
374,North Myrtle Beach,US,2022-01-16 23:32:55,33.816,-78.68,53.02,85,100,9.22
375,Chake Chake,TZ,2022-01-16 23:32:56,-5.2459,39.7666,76.15,85,100,4.81
376,Rio Grande,BR,2022-01-16 23:32:56,-32.035,-52.0986,75.94,93,90,19.48
377,Ugoofaaru,MV,2022-01-16 23:32:56,5.6667,73.0,82.18,74,33,15.26
378,Quesnel,CA,2022-01-16 23:32:56,52.9999,-122.5029,37.9,87,100,9.22
379,San Alfonso,PH,2022-01-16 23:32:57,7.7803,126.4203,75.61,92,100,6.58
380,Marawi,PH,2022-01-16 23:32:57,7.9986,124.2928,64.65,92,99,2.89
381,Manthani,IN,2022-01-16 23:32:57,18.65,79.6667,67.53,69,96,5.53
382,Oktyabrskiy,RU,2022-01-16 23:32:58,54.4815,53.471,5.94,97,91,6.69
383,Falmouth,GB,2022-01-16 23:32:58,50.1544,-5.0711,43.38,93,4,3.44
384,Jalingo,NG,2022-01-16 23:32:58,8.8833,11.3667,75.85,18,95,3.76
385,Atocha,BO,2022-01-16 23:32:59,-20.9333,-66.2333,59.14,34,58,11.81
386,Souillac,MU,2022-01-16 23:32:59,-20.5167,57.5167,78.37,88,40,3.44
387,Umm Kaddadah,SD,2022-01-16 23:32:59,13.6017,26.6876,61.99,24,18,17.6
388,Lydenburg,ZA,2022-01-16 23:33:00,-25.0978,30.4597,59.27,94,99,1.68
389,Northam,GB,2022-01-16 23:33:00,51.0333,-4.2167,43.61,77,12,6.31
390,Abu Zabad,SD,2022-01-16 23:33:00,12.35,29.25,66.51,22,38,15.3
391,Asau,RO,2022-01-16 23:33:01,46.4333,26.4,24.28,58,100,7.74
392,Shellbrook,CA,2022-01-16 23:33:01,53.2168,-106.4011,31.23,96,95,4.85
393,Palana,RU,2022-01-16 23:33:02,59.1167,159.9667,0.21,85,87,7.34
394,Okhotsk,RU,2022-01-16 23:33:02,59.3833,143.3,-11.69,80,1,10.87
395,Sesheke,ZM,2022-01-16 23:33:02,-17.4759,24.2968,65.48,56,81,3.09
396,Alihe,CN,2022-01-16 23:33:03,50.5667,123.7167,-18.02,97,45,3.44
397,Uberaba,BR,2022-01-16 23:30:47,-19.7483,-47.9319,70.38,88,75,5.75
398,Kudahuvadhoo,MV,2022-01-16 23:33:03,2.6708,72.8944,80.94,78,100,8.39
399,Constitucion,CL,2022-01-16 23:33:04,-35.3333,-72.4167,58.23,82,78,14.36
400,Balakhninskiy,RU,2022-01-16 23:33:04,58.0106,114.2769,-36.6,100,95,3.4
401,Lata,PT,2022-01-16 23:33:04,40.1629,-8.3327,49.06,87,73,3.62
402,Hovd,MN,2022-01-16 23:34:05,48.0056,91.6419,3.36,78,88,1.45
403,Ust-Omchug,RU,2022-01-16 23:34:05,61.15,149.6333,-33.14,96,46,2.1
404,Santiago Del Estero,AR,2022-01-16 23:34:05,-27.7951,-64.2615,94.87,28,18,7.47
405,Barinas,VE,2022-01-16 23:34:06,8.6226,-70.2075,89.64,43,51,4.61
406,Kamaishi,JP,2022-01-16 23:34:06,39.2667,141.8833,34.75,65,52,15.41
407,Pampierstad,ZA,2022-01-16 23:34:07,-27.7832,24.6877,71.46,73,38,1.7
408,Charters Towers,AU,2022-01-16 23:34:07,-20.1,146.2667,93.16,40,44,11.01
409,Melfort,CA,2022-01-16 23:34:07,52.8667,-104.6177,32.76,80,99,11.5
410,Mwense,ZM,2022-01-16 23:34:07,-10.3845,28.698,66.11,98,100,2.06
411,Cidreira,BR,2022-01-16 23:34:08,-30.1811,-50.2056,77.16,84,100,9.33
412,Ambilobe,MG,2022-01-16 23:34:08,-13.2,49.05,76.03,94,98,2.33
413,Buraydah,SA,2022-01-16 23:34:09,26.326,43.975,46.85,33,0,7.99
414,Lorengau,PG,2022-01-16 23:34:09,-2.0226,147.2712,82.33,79,97,2.44
415,Saint-Francois,FR,2022-01-16 23:34:09,46.4154,3.9054,27.68,100,100,1.14
416,Wilmington,US,2022-01-16 23:32:26,34.2257,-77.9447,52.99,82,100,10.18
417,Asyut,EG,2022-01-16 23:34:10,27.181,31.1837,48.38,60,100,10.56
418,Puerto Gaitan,CO,2022-01-16 23:30:30,4.3133,-72.0816,84.63,49,71,7.0
419,Sakakah,SA,2022-01-16 23:34:10,29.9697,40.2064,45.97,71,14,5.35
420,Khromtau,KZ,2022-01-16 23:34:11,50.2503,58.4347,15.82,92,93,17.02
421,Kisangani,CD,2022-01-16 23:34:11,0.5167,25.2,68.04,94,99,1.92
422,Yulara,AU,2022-01-16 23:34:11,-25.2406,130.9889,71.44,100,100,13.8
423,Durusu,TR,2022-01-16 23:34:12,41.3053,28.6767,37.58,75,2,4.0
424,Nalut,LY,2022-01-16 23:34:12,30.3333,10.85,46.69,64,93,7.25
425,Maceio,BR,2022-01-16 23:34:07,-9.6658,-35.7353,78.24,88,0,3.44
426,Rapid Valley,US,2022-01-16 23:34:12,44.0625,-103.1463,42.84,41,0,17.27
427,Wairoa,NZ,2022-01-16 23:34:12,-39.0333,177.3667,72.61,76,93,8.01
428,Korla,CN,2022-01-16 23:34:13,41.7597,86.1469,23.13,55,0,4.16
429,Kernersville,US,2022-01-16 23:34:13,36.1199,-80.0736,30.65,94,100,1.99
430,Panalingaan,PH,2022-01-16 23:34:13,8.7842,117.4231,78.58,76,80,2.93
431,Darab,IR,2022-01-16 23:34:14,28.7519,54.5444,48.99,94,22,5.03
432,Mana,GF,2022-01-16 23:34:14,5.6592,-53.7767,76.57,87,87,10.29
433,Nyandoma,RU,2022-01-16 23:34:14,61.669,40.1991,22.48,95,100,11.39
434,Krasnaya Gorka,RU,2022-01-16 23:34:15,55.1962,56.6673,12.83,94,100,9.95
435,Fort-Shevchenko,KZ,2022-01-16 23:34:15,44.5086,50.263,33.71,67,86,19.89
436,Nelson Bay,AU,2022-01-16 23:34:15,-32.7167,152.15,85.28,74,49,1.99
437,Kidal,ML,2022-01-16 23:34:15,18.4411,1.4078,59.95,20,58,13.44
438,Aykhal,RU,2022-01-16 23:34:16,66.0,111.5,-17.59,100,83,12.1
439,Petrivka,UA,2022-01-16 23:34:16,46.9695,30.9591,27.05,72,29,7.72
440,Nsanje,MW,2022-01-16 23:34:16,-16.92,35.262,71.71,95,100,2.17
441,Ulladulla,AU,2022-01-16 23:34:17,-35.35,150.4667,84.87,56,50,8.99
442,Igarka,RU,2022-01-16 23:34:17,67.4667,86.5833,9.55,91,100,19.71
443,Horodnytsya,UA,2022-01-16 23:34:17,50.807,27.3168,31.39,76,99,13.38
444,Bandarbeyla,SO,2022-01-16 23:34:18,9.4942,50.8122,74.8,66,88,10.96
445,Danville,US,2022-01-16 23:32:10,36.586,-79.395,34.21,91,100,5.75
446,Manaira,BR,2022-01-16 23:34:18,-7.7061,-38.1544,73.29,65,94,2.57
447,Devonport,AU,2022-01-16 23:32:05,-41.1667,146.35,72.01,61,30,10.18
448,Nanakuli,US,2022-01-16 23:34:18,21.3906,-158.1547,80.55,62,0,6.91
449,Hamirpur,IN,2022-01-16 23:35:19,25.95,80.15,44.55,50,0,3.0
450,Naples,IT,2022-01-16 23:33:38,40.8333,14.25,55.74,88,20,1.99
451,Nagtipunan,PH,2022-01-16 23:35:19,16.2167,121.6,67.55,91,66,1.83
452,Zyryanka,RU,2022-01-16 23:35:20,65.75,150.85,-44.48,99,57,6.06
453,Jaleswar,NP,2022-01-16 23:35:20,26.6471,85.8008,50.65,83,33,6.85
454,Hecun,CN,2022-01-16 23:35:20,36.5333,114.1111,28.99,46,1,1.97
455,Esso,RU,2022-01-16 23:35:20,55.9333,158.7,10.26,95,100,2.77
456,Tuy Hoa,VN,2022-01-16 23:34:55,13.0833,109.3,71.38,91,76,4.16
457,San Javier,ES,2022-01-16 23:35:21,37.8063,-0.8374,47.12,84,0,1.14
458,Quelimane,MZ,2022-01-16 23:35:21,-17.8786,36.8883,78.75,100,75,3.44
459,Mitsamiouli,KM,2022-01-16 23:35:21,-11.3847,43.2844,82.18,75,35,5.55
460,Srednekolymsk,RU,2022-01-16 23:35:22,67.45,153.6833,-40.76,98,46,6.64
461,Winnemucca,US,2022-01-16 23:35:22,40.973,-117.7357,48.25,46,0,3.44
462,Monrovia,LR,2022-01-16 23:34:49,6.3005,-10.7969,76.77,81,62,2.84
463,Vrangel,RU,2022-01-16 23:35:22,42.7297,133.0839,10.8,65,3,16.11
464,Severnyy,RU,2022-01-16 23:35:23,50.677,36.5532,26.64,74,75,6.71
465,Monforte De Lemos,ES,2022-01-16 23:35:23,42.5216,-7.5142,45.57,91,38,1.81
466,Tabou,CI,2022-01-16 23:35:23,4.423,-7.3528,79.03,85,5,5.14
467,Orhangazi,TR,2022-01-16 23:35:23,40.4892,29.3089,36.37,80,6,3.06
468,Talcahuano,CL,2022-01-16 23:35:24,-36.7167,-73.1167,62.28,59,40,16.11
469,Mehran,IR,2022-01-16 23:35:24,33.1222,46.1646,45.88,60,100,9.93
470,Matadi,CD,2022-01-16 23:35:24,-5.8167,13.45,73.81,95,88,3.0
471,Haapiti,PF,2022-01-16 23:35:25,-17.5667,-149.8667,85.73,78,99,16.82
472,Bereznik,RU,2022-01-16 23:35:25,62.8551,42.7072,25.59,94,100,9.26
473,Kysyl-Syr,RU,2022-01-16 23:35:25,63.8986,122.7617,-45.0,100,62,2.13
474,Haradok,BY,2022-01-16 23:35:25,55.4624,29.9816,28.11,95,100,15.32
475,Petropavlovsk-Kamchatskiy,RU,2022-01-16 23:35:26,53.0452,158.6483,19.99,49,75,20.13
476,Alexandria,EG,2022-01-16 23:35:26,31.2156,29.9553,49.96,87,40,10.36
477,Bam,IR,2022-01-16 23:35:27,29.106,58.357,56.59,66,14,9.95
478,Taoudenni,ML,2022-01-16 23:35:27,22.6783,-3.9836,57.07,29,32,14.05
479,Bhag,PK,2022-01-16 23:35:27,29.0415,67.8239,63.03,45,100,3.98
480,Temecula,US,2022-01-16 23:35:27,33.4936,-117.1484,72.75,43,100,1.99
481,Ponta Delgada,PT,2022-01-16 23:35:28,37.7333,-25.6667,57.92,67,20,21.85
482,Thinadhoo,MV,2022-01-16 23:35:28,0.5333,72.9333,81.12,69,100,0.69
483,Tambacounda,SN,2022-01-16 23:35:28,13.7539,-13.7586,84.25,17,0,4.61
484,Nyurba,RU,2022-01-16 23:35:29,63.2842,118.3319,-47.02,100,63,1.21
485,Sechura,PE,2022-01-16 23:35:29,-5.5569,-80.8222,74.23,74,34,16.6
486,Kaeo,NZ,2022-01-16 23:35:29,-35.1,173.7833,80.33,57,0,5.3
487,San Juan,AR,2022-01-16 23:34:19,-31.5375,-68.5364,89.17,18,0,13.76
488,Heinola,FI,2022-01-16 23:35:30,61.2056,26.0381,30.29,90,86,6.08
489,Kruisfontein,ZA,2022-01-16 23:35:30,-34.0033,24.7314,69.89,88,12,4.34
490,Belaya,UA,2022-01-16 23:35:30,49.029,25.7706,34.99,67,100,8.79
491,Quang Ngai,VN,2022-01-16 23:35:30,15.1167,108.8,68.83,92,71,4.47
492,Soyo,AO,2022-01-16 23:35:31,-6.1349,12.3689,77.58,75,79,8.68
493,Ardakan,IR,2022-01-16 23:35:31,32.31,54.0175,46.78,37,0,5.03
494,Touros,BR,2022-01-16 23:36:31,-5.1989,-35.4608,81.5,76,56,12.37
495,Aktash,RU,2022-01-16 23:36:32,50.3,87.7333,10.87,78,100,6.17
496,Einbeck,DE,2022-01-16 23:36:32,51.8167,9.8667,42.64,94,100,3.0
497,Hinton,CA,2022-01-16 23:36:32,53.4001,-117.5857,39.24,94,100,4.59
498,Destin,US,2022-01-16 23:33:54,30.3935,-86.4958,44.96,72,100,11.5
499,Altamont,US,2022-01-16 23:36:33,42.2068,-121.7372,50.9,47,0,3.44
500,Tutoia,BR,2022-01-16 23:36:33,-2.7619,-42.2744,80.58,87,46,7.72
501,Walvis Bay,NA,2022-01-16 23:36:33,-22.9575,14.5053,68.09,88,90,4.61
502,Lufilufi,WS,2022-01-16 23:36:34,-13.8745,-171.5986,82.18,75,100,7.05
503,Takoradi,GH,2022-01-16 23:36:34,4.8845,-1.7554,79.74,82,61,6.51
504,Verkhnevilyuysk,RU,2022-01-16 23:36:34,63.4453,120.3167,-46.8,100,61,2.04
505,Massape,BR,2022-01-16 23:36:35,-3.5228,-40.3428,75.6,90,84,2.46
506,Byron Bay,AU,2022-01-16 23:35:50,-28.65,153.6167,83.71,73,99,5.08
507,Barao De Melgaco,BR,2022-01-16 23:36:35,-16.1944,-55.9675,86.52,64,92,4.79
508,Cabra,ES,2022-01-16 23:36:35,37.4725,-4.4421,45.39,69,42,3.24
509,Ketchikan,US,2022-01-16 23:36:36,55.3422,-131.6461,39.18,100,100,5.75
510,Moose Factory,CA,2022-01-16 23:36:36,51.2585,-80.6094,19.4,86,100,14.97
511,Port Hueneme,US,2022-01-16 23:36:36,34.1478,-119.1951,76.12,39,75,11.5
512,Kupang,ID,2022-01-16 23:36:36,-10.1667,123.5833,81.88,81,98,7.76
513,Puerto Madryn,AR,2022-01-16 23:36:37,-42.7692,-65.0385,67.32,16,24,15.3
514,Ozernovskiy,RU,2022-01-16 23:36:37,51.5,156.5167,24.35,56,46,6.8
515,Tautira,PF,2022-01-16 23:36:37,-17.7333,-149.15,86.02,80,100,18.32
516,San Antonio,US,2022-01-16 23:34:58,29.4241,-98.4936,67.75,14,0,9.22
517,Tiznit,MA,2022-01-16 23:36:38,29.5833,-9.5,52.74,33,30,7.0
518,Newton Abbot,GB,2022-01-16 23:36:38,50.5286,-3.6119,42.55,92,3,6.93
519,Kurtamysh,RU,2022-01-16 23:36:38,54.9103,64.4319,6.62,87,100,17.72
520,Jutai,BR,2022-01-16 23:36:39,-5.1833,-68.9,73.6,97,100,2.26
521,Guaymas,MX,2022-01-16 23:36:39,27.9333,-110.9,81.88,56,0,11.5
522,Henties Bay,NA,2022-01-16 23:36:39,-22.116,14.2845,67.86,89,89,6.8
523,Lanycsok,HU,2022-01-16 23:36:40,46.0054,18.6253,30.33,74,78,3.96
524,Ayr,GB,2022-01-16 23:36:40,55.4627,-4.6339,46.38,76,75,14.97
525,Basco,PH,2022-01-16 23:36:40,20.4487,121.9702,75.94,70,58,18.39
526,Quatre Cocos,MU,2022-01-16 23:36:41,-20.2078,57.7625,78.1,83,20,4.52
527,Ushtobe,KZ,2022-01-16 23:36:41,45.2514,77.9838,42.39,51,100,6.26
528,Uthal,PK,2022-01-16 23:36:41,25.8072,66.6219,64.13,46,86,3.53
529,Ipora,BR,2022-01-16 23:36:41,-16.4419,-51.1178,71.67,73,44,0.49
530,Samana,DO,2022-01-16 23:36:42,19.2056,-69.3369,78.76,87,10,6.69
531,Neuquen,AR,2022-01-16 23:36:08,-38.9516,-68.0591,71.49,24,0,4.61
532,Pochutla,MX,2022-01-16 23:36:42,15.7432,-96.4661,82.22,69,26,4.97
533,Siparia,TT,2022-01-16 23:36:43,10.1333,-61.5,78.66,87,33,9.1
534,Dharchula,IN,2022-01-16 23:36:43,29.85,80.5333,46.62,36,42,8.28
535,Silver City,US,2022-01-16 23:36:43,32.7701,-108.2803,55.31,21,0,1.99
536,Gao,ML,2022-01-16 23:36:43,16.6362,1.637,60.48,22,27,14.5
537,Burnie,AU,2022-01-16 23:36:44,-41.0667,145.9167,71.94,53,17,9.44
538,Emba,KZ,2022-01-16 23:36:44,48.8264,58.1442,22.46,94,99,14.25
539,Antofagasta,CL,2022-01-16 23:33:17,-23.65,-70.4,72.21,49,5,4.0
540,Ola,RU,2022-01-16 23:37:44,59.5833,151.2833,-3.66,80,21,9.57
541,Broken Hill,AU,2022-01-16 23:37:45,-31.95,141.4333,78.51,41,40,11.5
542,Roma,US,2022-01-16 23:37:45,43.2128,-75.4557,27.84,54,0,10.36
543,Bakchar,RU,2022-01-16 23:37:45,57.0186,82.0711,34.92,95,100,13.47
544,Vestmannaeyjar,IS,2022-01-16 23:37:46,63.4427,-20.2734,45.52,87,100,20.96
545,Pontes E Lacerda,BR,2022-01-16 23:37:46,-15.2261,-59.3353,79.02,73,56,3.69
